{
  "width": 1280,
  "height": 720,
  "intrinsics": {
    "fx": 757.1468696475181,
    "fy": 731.5207702438296,
    "cx": 640.0,
    "cy": 360.0
  },
  "extrinsics": {
    "rotation_vector": [
      1.7449791757710007,
      -1.8360574791760818,
      0.6380181593175471
    ],
    "translation": [
      0.014756121154720248,
      1.1134033865420299,
      0.9971802064229511
    ],
    "world_to_camera_convention": "X_cam = R * X_world + t"
  },
  "object_offsets": {
    "shared_tool_frame": [
      0.0005458969987171064,
      -0.11906113648599144,
      0.007238635036298336
    ]
  },
  "metrics": {
    "residual_rmse_px": 9.523505760769622,
    "residual_median_px": 7.00313297933962,
    "sample_count": 200
  }
}